,NAME,LOCATION,COURSES
0,Arignar Anna Institute of Science & Technology," Valasaravakkam, Jamnagar, Jamnagar",Engineering Colleges
1,Arignar Anna Institute of Science & Technology," Chennai - 602105, Jamnagar, Jamnagar",Engineering Colleges
2,VIEC Overseas Education Consultant," 3rd Floor, Park Colony","Overseas Education Consultants, Overseas education"
3,Admissiongyan Education Consultancy," Jayanagar 9th Block, Jam Nagar, Jamnagar","Overseas Education Consultants, Overseas education"
4,Brisk Business Services LLP,"Office No. 6, Ranjit Nagar","Corporate Training, Professional development training"
5,Life Transformer Training Pvt. Ltd.,"G.G. Hospital Road, Jamnagar - 361001","Corporate Training, Professional development training"
6,Seling,"Bedi Gate, Jamnagar - 939148","Corporate Training, Language lab training"
7,Sun Techno,"Spring Hieght, Jam Nagar",Corporate Training
8,Sumukh Computer Education,"No. 5/1, Patel Colony","Corporate Training, Professional development training"
9,Parth Jitendra Pathak,"No. 6, Patel Colony, Jamnagar","Corporate Training, Language lab training"
10,Image Institute of Digital Technology Ltd.,"Aerodrome Road, Khodiyar Colony","Multimedia Design Training, CAD & CAM training"
11,Santhi Computer Classes,"Indira Gandhi Marg, Park Colony","Multimedia Design Training, CAD & CAM training"
12,Xplora Design Skool,"P.N. Marg, Patel Colony","Multimedia Design Training, CAD & CAM training"
13,Vishwas Computer," Rampur, Jam Nagar","Multimedia Design Training, Animation & Multimedia training"
14,Frameboxx Animation & Visual Effects," Ahmedabad - 380059, Jamnagar, Jamnagar","Multimedia Design Training, Animation & Multimedia training"
15,Grinmation Institute," Ahmedabad - 380052, Jamnagar, Jamnagar","Multimedia Design Training, Adobe training"
16,Sahajanand Institute of Information Tech...," 1st Floor, Pandit Nehru Marg","Multimedia Design Training, CAD & CAM training"
17,IBPS JAMNAGAR GUJARAT,"Patel Colony, Jamnagar - 361008",Bank Exam Coaching
18,Creative Career Academy,"Mahila College Road, Patel Colony, Jamnagar",Bank Exam Coaching
19,IMS Test Prep,"No. 304/305, Jamnagar",Bank Exam Coaching
20,Advanced Education Academy,"Neo Square Complex, Pandit Nehru Marg",Bank Exam Coaching
21,Omi Tuitions,"Madhavbaug, Jam Khambhalia","CAT Coaching Centers, Management entrance exam coaching"
22,Omi Tuitions,"Madhavbaug, Jam Khambhalia","Common Management Aptitude Test (CMAT) Coaching, Management entrance exam coaching"
23,Krishna Career Academy," jamnagar , Patel Colony","CTET Coaching, UGC NET coaching"
24,IBPS JAMNAGAR GUJARAT,"Patel Colony, Jamnagar - 361008","IBPS Bank Interview Coaching, Bank exam coaching"
25,Creative Career Academy,"Mahila College Road, Patel Colony, Jamnagar","IBPS Bank Interview Coaching, Bank exam coaching"
26,IMS Test Prep,"No. 304/305, Jamnagar","IBPS Bank Interview Coaching, Bank exam coaching"
27,Advanced Education Academy,"Neo Square Complex, Pandit Nehru Marg","IBPS Bank Interview Coaching, Bank exam coaching"
28,Kasif Admani,"Gau Shala Road, Jam Nagar","Language Training Centres, Spoken english training"
29,Station e language lab," ranjitnagar , Club Road","Language Training Centres, Spoken english training"
30,English Learning Studio,"PN Marg, Bedi Road","Language Training Centres, Spoken english training"
31,Path Academy & Gyan Adda,"Tirupati Park -2, Bedi Road, Jamnagar","National Talent Search Exam (NTSE) Coaching, Teachers exam coaching"
32,360 IIT ACADEMY," Golden Plaza, Khodiyar Colony, Jamnagar","National Talent Search Exam (NTSE) Coaching, School competitive exam coaching"
33,360 IIT ACADEMY," khodar colony, Khodiyar Colony","National Talent Search Exam (NTSE) Coaching, School competitive exam coaching"
34,Krishna Career Academy," jamnagar , Patel Colony","National Talent Search Exam (NTSE) Coaching, UGC NET coaching"
35,IBPS JAMNAGAR GUJARAT,"Patel Colony, Jamnagar - 361008","RRB Entrance Exam Coaching, UGC NET coaching"
36,Path Academy & Gyan Adda,"Tirupati Park -2, Bedi Road, Jamnagar","RRB Entrance Exam Coaching, Teachers exam coaching"
37,Krishna Career Academy," jamnagar , Patel Colony","RRB Entrance Exam Coaching, UGC NET coaching"
38,Omi Tuitions,"Madhavbaug, Jam Khambhalia","Chartered Accountant Coaching, Chartered accountant tuitions"
39,Thakkar Classes,"Limda Lane, Patrakar Colony","Chartered Accountant Coaching, Chartered accountant tuitions"
40,Sukh Sagor Institute," Geeta Vidyalay Road, Jam Nagar","Chartered Accountant Coaching, Chartered accountant tuitions"
41,Vitrag Institute," Complex Cross Road, Patel Colony","Chartered Accountant Coaching, Chartered accountant tuitions"
42,Enlighten Professional Studies," 2nd Floor, Khodiyar Colony","Chartered Accountant Coaching, Chartered accountant tuitions"
43,Omi Tuitions,"Madhavbaug, Jam Khambhalia","CACPT Coaching, Chartered accountant tuitions"
44,Thakkar Classes,"Limda Lane, Patrakar Colony","CACPT Coaching, Chartered accountant tuitions"
45,Sukh Sagor Institute," Geeta Vidyalay Road, Jam Nagar","CACPT Coaching, Chartered accountant tuitions"
46,Vitrag Institute," Complex Cross Road, Patel Colony","CACPT Coaching, Chartered accountant tuitions"
47,Enlighten Professional Studies," 2nd Floor, Khodiyar Colony","CACPT Coaching, Chartered accountant tuitions"
48,Sukh Sagor Institute," Geeta Vidyalay Road, Jam Nagar","Chartered Financial Analyst (CFA) Coaching, Chartered accountant tuitions"
49,Enlighten Professional Studies," 2nd Floor, Khodiyar Colony","CMA Coaching, Chartered accountant tuitions"
50,Enlighten Professional Studies," 2nd Floor, Khodiyar Colony","ICWA Coaching, Chartered accountant tuitions"
51,Personal home tuition service," jantafatak, Aerodromme","Spoken Hindi Classes, Indian language training"
52,Kasif Admani,"Gau Shala Road, Jam Nagar","Spoken English Classes, Spoken english training"
53,English Learning Studio,"PN Marg, Bedi Road","Spoken English Classes, Spoken english training"
54,Language Link,"1st Floor , Patel Colony","Spoken English Classes, Spoken english training"
55,Station e language lab," ranjitnagar , Club Road","Spoken English Classes, Spoken english training"
56,IMS Test Prep,"No. 304/305, Jamnagar","GMAT Coaching, Management entrance exam coaching"
57,IMS Test Prep,"No. 304/305, Jamnagar","GRE Coaching, Management entrance exam coaching"
58,Language Link,"1st Floor , Patel Colony","IELTS Coaching, Foreign education entrance exam coaching"
59,IMS Test Prep,"No. 304/305, Jamnagar","SAT Coaching, Management entrance exam coaching"
60,Future Academy,"Tin Batti Circle, Town Hall","TOEFL Coaching, Foreign education entrance exam coaching"
61,Omi Tuitions,"Madhavbaug, Jam Khambhalia","TOEFL Coaching, Management entrance exam coaching"
62,Navodaya And Sainik School Training Center,"Near Sodha School , Town Hall, Jamnagar","CET Entrance Coaching, ENGG / ARCH entrance exam coaching"
63,Ravi's education system," Road no.2(janta fatak), Khodiyar Colony, Jamnagar","CET Entrance Coaching, ENGG / ARCH entrance exam coaching"
64,Omi Tuitions,"Madhavbaug, Jam Khambhalia","CET Entrance Coaching, Management entrance exam coaching"
65,IPS,"G.G. Hospital Road, Jamnagar - 361008","IPS Entrance Exam Coaching, UPSC exam coaching"
66,Webstreet Academy,"1st floor Kharva Road, Dharampur, Jamnagar","IPS Entrance Exam Coaching, UPSC exam coaching"
67,Navodaya And Sainik School Training Center,"Near Sodha School , Town Hall, Jamnagar","Medical Entrance Coaching, ENGG / ARCH entrance exam coaching"
68,Ravi's education system," Road no.2(janta fatak), Khodiyar Colony, Jamnagar","Medical Entrance Coaching, ENGG / ARCH entrance exam coaching"
69,Krishna Career Academy," jamnagar , Patel Colony","MPPSC Entrance Exam Coaching, UGC NET coaching"
70,Navodaya And Sainik School Training Center,"Near Sodha School , Town Hall","NEET Coaching Institutes, ENGG / ARCH entrance exam coaching"
71,Ravi's education system," Road no.2(janta fatak), Khodiyar Colony","NEET Coaching Institutes, ENGG / ARCH entrance exam coaching"
72,Navodaya And Sainik School Training Center,"Near Sodha School , Town Hall, Jamnagar","Pre-Medical Test (PMT) Entrance Coaching, ENGG / ARCH entrance exam coaching"
73,Ravi's education system," Road no.2(janta fatak), Khodiyar Colony, Jamnagar","Pre-Medical Test (PMT) Entrance Coaching, ENGG / ARCH entrance exam coaching"
74,Personal home tuition service," jantafatak, Aerodromme","SSC Coaching, SSC exam coaching"
75,Webstreet Academy,"1st floor Kharva Road, Dharampur","SSC Coaching, UPSC exam coaching"
76,Path Academy & Gyan Adda,"Tirupati Park -2, Bedi Road","SSC Coaching, Teachers exam coaching"
77,Navodaya And Sainik School Training Center,"Near Sodha School , Town Hall",Class X Tuitions
78,Future Academy,"Tin Batti Circle, Town Hall",Class X Tuitions
79,Ravi's education system," Road no.2(janta fatak), Khodiyar Colony",Class X Tuitions
80,Future Academy," Kamdar colony, Ranjit Nagar",Class X Tuitions
81,Sanskrit Tuition Classes,"Main Road, Khodiyar Colony",Class X Tuitions
82,J K Academy,"near patel samaj, Ranjit Nagar",Class X Tuitions
83,shivananda tution,"ranjitnagar, Ranjit Nagar",Class X Tuitions
84,shivananda institute,"ranjitnagar, Ranjit Nagar",Class X Tuitions
85,Future Academy,"Tin Batti Circle, Town Hall","College Tuitions for Accounts Finance Statistics, Finance & commerce tuitions"
86,Ravi's education system," Road no.2(janta fatak), Khodiyar Colony, Jamnagar","College Tuitions for Accounts Finance Statistics, Science tuitions"
87,Sukh Sagor Institute," Geeta Vidyalay Road, Jam Nagar","College Tuitions for Accounts Finance Statistics, Management tuitions"
88,Ravi's education system," Road no.2(janta fatak), Khodiyar Colony, Jamnagar","Biochemistry Degree Tuitions, Science tuitions"
89,Personal tuition classes for science,"Satyam Colony, Jamnagar - 361004","Biochemistry Degree Tuitions, Science tuitions"
90,Personal home tuition service," jantafatak, Aerodromme","Biochemistry Degree Tuitions, Science tuitions"
91,Navodaya And Sainik School Training Center,"Near Sodha School , Town Hall, Jamnagar",Commerce Tuitions for 11 & 12th Classes
92,Future Academy,"Tin Batti Circle, Town Hall",Commerce Tuitions for 11 & 12th Classes
93,Ravi's education system," Road no.2(janta fatak), Khodiyar Colony, Jamnagar",Commerce Tuitions for 11 & 12th Classes
94,Future Academy," Kamdar colony, Ranjit Nagar",Commerce Tuitions for 11 & 12th Classes
95,Sharma Tutorials,"Near oswal hospital, Digvijay Plot",Commerce Tuitions for 11 & 12th Classes
96,J K Academy,"near patel samaj, Ranjit Nagar",Commerce Tuitions for 11 & 12th Classes
97,shivananda tution,"ranjitnagar, Ranjit Nagar",Commerce Tuitions for 11 & 12th Classes
98,shivananda institute,"ranjitnagar, Ranjit Nagar",Commerce Tuitions for 11 & 12th Classes
99,KD Academy," Opp.ICICI Bank, Ranjit Nagar",Commerce Tuitions for 11 & 12th Classes
100,Navodaya And Sainik School Training Center,"Near Sodha School , Town Hall, Jamnagar",Computer Science Tuitions for 11 & 12th Classes
101,Future Academy,"Tin Batti Circle, Town Hall",Computer Science Tuitions for 11 & 12th Classes
102,Ravi's education system," Road no.2(janta fatak), Khodiyar Colony, Jamnagar",Computer Science Tuitions for 11 & 12th Classes
103,Future Academy," Kamdar colony, Ranjit Nagar",Computer Science Tuitions for 11 & 12th Classes
104,Vikalp,"Gandhinagar Road, Patel Colony, Jamnagar",Computer Science Tuitions for 11 & 12th Classes
105,J K Academy,"near patel samaj, Ranjit Nagar",Computer Science Tuitions for 11 & 12th Classes
106,shivananda tution,"ranjitnagar, Ranjit Nagar",Computer Science Tuitions for 11 & 12th Classes
107,shivananda institute,"ranjitnagar, Ranjit Nagar",Computer Science Tuitions for 11 & 12th Classes
108,KD Academy," Opp.ICICI Bank, Ranjit Nagar",Computer Science Tuitions for 11 & 12th Classes
109,Kasif Admani,"Gau Shala Road, Jam Nagar","Engineering Tuition, Architecture tuitions"
110,Cad Desk,"Khodiyar Colony Main Road, Khodiyar Colony","Engineering Tuition, Architecture tuitions"
111,Ravi's education system," Road no.2(janta fatak), Khodiyar Colony, Jamnagar","Engineering Tuition, Science tuitions"
112,Century classes,"Patel Colony, Jamnagar - ",Engineering Tuition
113,Dedicated Academy Pvt. Ltd.,"Khodiyar Colony, Jamnagar - 361006","Engineering Tuition, Architecture tuitions"
114,Webstreet Academy,"1st floor Kharva Road, Dharampur, Jamnagar","Engineering Tuition, Science tuitions"
115,Vicky Kumar," Air Force Road, Govardhanpur",Maths Tuitions
116,Navodaya And Sainik School Training Center,"Near Sodha School , Town Hall, Jamnagar",Maths Tuitions
117,Future Academy,"Tin Batti Circle, Town Hall",Maths Tuitions
118,Ravi's education system," Road no.2(janta fatak), Khodiyar Colony, Jamnagar",Maths Tuitions
119,Vikalp,"Gandhinagar Road, Patel Colony, Jamnagar",Maths Tuitions
120,Parul," jamnagar, Rameshwar Nagar",Maths Tuitions
121,Sharma Tutorials,"Near oswal hospital, Digvijay Plot",Maths Tuitions
122,Path Academy & Gyan Adda,"Tirupati Park -2, Bedi Road, Jamnagar",Maths Tuitions
123,Ravi's education system," Road no.2(janta fatak), Khodiyar Colony, Jamnagar","Microbiology & Biotechnology Tuitions, Science tuitions"
124,Personal tuition classes for science,"Satyam Colony, Jamnagar - 361004","Microbiology & Biotechnology Tuitions, Science tuitions"
125,Personal home tuition service," jantafatak, Aerodromme","Microbiology & Biotechnology Tuitions, Science tuitions"
126,Navodaya And Sainik School Training Center,"Near Sodha School , Town Hall, Jamnagar",Physics Tuitions for 11 & 12th Classes
127,Future Academy,"Tin Batti Circle, Town Hall",Physics Tuitions for 11 & 12th Classes
128,Ravi's education system," Road no.2(janta fatak), Khodiyar Colony, Jamnagar",Physics Tuitions for 11 & 12th Classes
129,Future Academy," Kamdar colony, Ranjit Nagar",Physics Tuitions for 11 & 12th Classes
130,Vikalp,"Gandhinagar Road, Patel Colony, Jamnagar",Physics Tuitions for 11 & 12th Classes
131,J K Academy,"near patel samaj, Ranjit Nagar",Physics Tuitions for 11 & 12th Classes
132,shivananda tution,"ranjitnagar, Ranjit Nagar",Physics Tuitions for 11 & 12th Classes
133,Tution,"Patel Colony, Jamnagar - 361008",Physics Tuitions for 11 & 12th Classes
134,Tops Technologies Pvt. Ltd.,"Paras Society No. 1, Park Colony",Digital Marketing Courses
135,Tops Technologies Pvt. Ltd.,"Paras Society No. 1, Park Colony",SEO Training
136,Arsh Technologies,", Jamnagar - 361142",SEO Training
137,Aptech Computer Education Jamnagar,"PN Marg, Jamnagar","Software Engineering Training, Engineering and technician job training"
138,Any job,"Bedi Road, Jamnagar - 361009","Hospital Management Courses, Health & wellness job training"
139,Alfa Color Laboratories,"Town Hall Road, Bedi Gate","Learning Disability Courses, Engineering and technician job training"
140,Aptech Computer Education (Infonet Softech),"Welcome Tower, Pandit Nehru Marg","Learning Disability Courses, Engineering and technician job training"
141,Cmc Computer Education,"Limda Lane, Patrakar Colony","Learning Disability Courses, Engineering and technician job training"
142,Madhuram Digital Studio,"Raghuvir Society, Bedi Gate","Learning Disability Courses, Engineering and technician job training"
143,Alfa Color Laboratories,"Town Hall Road, Bedi Gate","Accounting Courses, Engineering and technician job training"
144,Aptech Computer Education (Infonet Softech),"Welcome Tower, Pandit Nehru Marg","Accounting Courses, Engineering and technician job training"
145,Cmc Computer Education,"Limda Lane, Patrakar Colony","Accounting Courses, Engineering and technician job training"
146,Madhuram Digital Studio,"Raghuvir Society, Bedi Gate","Accounting Courses, Engineering and technician job training"
147,Aptech Computer Education Jamnagar,"PN Marg, Jamnagar","Accounting Courses, Engineering and technician job training"
148,Alfa Color Laboratories,"Town Hall Road, Bedi Gate","Financial Risk Management (FRM) Training, Engineering and technician job training"
149,Aptech Computer Education (Infonet Softech),"Welcome Tower, Pandit Nehru Marg","Financial Risk Management (FRM) Training, Engineering and technician job training"
150,Cmc Computer Education,"Limda Lane, Patrakar Colony","Financial Risk Management (FRM) Training, Engineering and technician job training"
151,Madhuram Digital Studio,"Raghuvir Society, Bedi Gate","Financial Risk Management (FRM) Training, Engineering and technician job training"
152,Alfa Color Laboratories,"Town Hall Road, Bedi Gate","Retail Banking Training, Engineering and technician job training"
153,Aptech Computer Education (Infonet Softech),"Welcome Tower, Pandit Nehru Marg","Retail Banking Training, Engineering and technician job training"
154,Cmc Computer Education,"Limda Lane, Patrakar Colony","Retail Banking Training, Engineering and technician job training"
155,Madhuram Digital Studio,"Raghuvir Society, Bedi Gate","Retail Banking Training, Engineering and technician job training"
156,Aptech Computer Education Jamnagar,"PN Marg, Jamnagar","Club Management Courses, Engineering and technician job training"
157,Safety for All,"Aerodrome Road, Khodiyar Colony","Construction Safety Training, Occupational safety job training"
158,Alfa Color Laboratories,"Town Hall Road, Bedi Gate",Fashion Designing Courses
159,Aptech Computer Education (Infonet Softech),"Welcome Tower, Pandit Nehru Marg",Fashion Designing Courses
160,Cmc Computer Education,"Limda Lane, Patrakar Colony",Fashion Designing Courses
161,Madhuram Digital Studio,"Raghuvir Society, Bedi Gate",Fashion Designing Courses
162,Aptech Computer Education Jamnagar,"PN Marg, Jamnagar","HVAC Training, Engineering and technician job training"
163,Alfa Color Laboratories,"Town Hall Road, Bedi Gate","Leadership Management Training, Engineering and technician job training"
164,Aptech Computer Education (Infonet Softech),"Welcome Tower, Pandit Nehru Marg","Leadership Management Training, Engineering and technician job training"
165,Cmc Computer Education,"Limda Lane, Patrakar Colony","Leadership Management Training, Engineering and technician job training"
166,Madhuram Digital Studio,"Raghuvir Society, Bedi Gate","Leadership Management Training, Engineering and technician job training"
167,Krishna Career Academy," jamnagar , Patel Colony","Leadership Management Training, Banking, Finance & GST job training"
168,Alfa Color Laboratories,"Town Hall Road, Bedi Gate","Montessori Teacher Training, Engineering and technician job training"
169,Aptech Computer Education (Infonet Softech),"Welcome Tower, Pandit Nehru Marg","Montessori Teacher Training, Engineering and technician job training"
170,Cmc Computer Education,"Limda Lane, Patrakar Colony","Montessori Teacher Training, Engineering and technician job training"
171,Madhuram Digital Studio,"Raghuvir Society, Bedi Gate","Montessori Teacher Training, Engineering and technician job training"
172,Alfa Color Laboratories,"Town Hall Road, Bedi Gate","Pilot Training, Engineering and technician job training"
173,Aptech Computer Education (Infonet Softech),"Welcome Tower, Pandit Nehru Marg","Pilot Training, Engineering and technician job training"
174,Cmc Computer Education,"Limda Lane, Patrakar Colony","Pilot Training, Engineering and technician job training"
175,Madhuram Digital Studio,"Raghuvir Society, Bedi Gate","Pilot Training, Engineering and technician job training"
176,Krishna Career Academy," jamnagar , Patel Colony","Tailoring Classes, Banking, Finance & GST job training"
177,Alfa Color Laboratories,"Town Hall Road, Bedi Gate","Teacher Training, Engineering and technician job training"
178,Aptech Computer Education (Infonet Softech),"Welcome Tower, Pandit Nehru Marg","Teacher Training, Engineering and technician job training"
179,Cmc Computer Education,"Limda Lane, Patrakar Colony","Teacher Training, Engineering and technician job training"
180,Madhuram Digital Studio,"Raghuvir Society, Bedi Gate","Teacher Training, Engineering and technician job training"
181,Pyramid Foreign Education," Ahmedabad - 380052, Jamnagar","Malaysia Education Consultants, Overseas education"
182,Admissiongyan Education Consultancy," Jayanagar 9th Block, Jam Nagar, Jamnagar","Singapore Education Consultants, Overseas education"
183,Pyramid Foreign Education," Ahmedabad - 380052, Jamnagar","Austria Education Consultants, Overseas education"
184,VIEC Overseas Education Consultant," 3rd Floor, Park Colony","Denmark Education Consultants, Overseas education"
185,Pyramid Foreign Education," Ahmedabad - 380052, Jamnagar","Denmark Education Consultants, Overseas education"
186,VIEC Overseas Education Consultant," 3rd Floor, Park Colony","Finland Education Consultants, Overseas education"
187,Admissiongyan Education Consultancy," Jayanagar 9th Block, Jam Nagar, Jamnagar","Finland Education Consultants, Overseas education"
188,Pyramid Foreign Education," Ahmedabad - 380052, Jamnagar","Finland Education Consultants, Overseas education"
189,VIEC Overseas Education Consultant," 3rd Floor, Park Colony","France Education Consultants, Overseas education"
190,Pyramid Foreign Education," Ahmedabad - 380052, Jamnagar","France Education Consultants, Overseas education"
191,VIEC Overseas Education Consultant," 3rd Floor, Park Colony","Germany Education Consultants, Overseas education"
192,VIEC Overseas Education Consultant," 3rd Floor, Park Colony","Ireland Education Consultants, Overseas education"
193,VIEC Overseas Education Consultant," 3rd Floor, Park Colony","Italy Education Consultants, Overseas education"
194,VIEC Overseas Education Consultant," 3rd Floor, Park Colony","Norway Education Consultants, Overseas education"
195,Pyramid Foreign Education," Ahmedabad - 380052, Jamnagar","Norway Education Consultants, Overseas education"
196,Pyramid Foreign Education," Ahmedabad - 380052, Jamnagar","Poland Education Consultants, Overseas education"
197,VIEC Overseas Education Consultant," 3rd Floor, Park Colony","Sweden Education Consultants, Overseas education"
198,Admissiongyan Education Consultancy," Jayanagar 9th Block, Jam Nagar, Jamnagar","Sweden Education Consultants, Overseas education"
199,VIEC Overseas Education Consultant," 3rd Floor, Park Colony","Switzerland Education Consultants, Overseas education"
200,VIEC Overseas Education Consultant," 3rd Floor, Park Colony","UK Education Consultants, Overseas education"
201,VIEC Overseas Education Consultant," 3rd Floor, Park Colony","UK Education Consultants, Overseas education"
202,VIEC Overseas Education Consultant," 3rd Floor, Park Colony","Canada Education Consultants, Overseas education"
203,VIEC Overseas Education Consultant," 3rd Floor, Park Colony","USA Education Consultants, Overseas education"
204,VIEC Overseas Education Consultant," 3rd Floor, Park Colony","Australia Education Consultants, Overseas education"
205,VIEC Overseas Education Consultant," 3rd Floor, Park Colony","New Zealand Education Consultants, Overseas education"
206,VIEC Overseas Education Consultant," 3rd Floor, Park Colony","Overseas Engineering Education Consultants, Overseas education"
207,VIEC Overseas Education Consultant," 3rd Floor, Park Colony","Overseas Journalism Education Consultants, Overseas education"
208,VIEC Overseas Education Consultant," 3rd Floor, Park Colony",Overseas MBA Education Consultants
209,VIEC Overseas Education Consultant," 3rd Floor, Park Colony","Overseas Medical Education Consultants, Overseas education"
210,Brisk Business Services LLP,"Office No. 6, Ranjit Nagar","Call Center & BPO Training, Professional development training"
211,Seling,"Bedi Gate, Jamnagar - 939148","Call Center & BPO Training, Language lab training"
212,Parth Jitendra Pathak,"No. 6, Patel Colony","Call Center & BPO Training, Language lab training"
213,Seling,"Bedi Gate, Jamnagar - 939148","Business Communication Courses, Language lab training"
214,Parth Jitendra Pathak,"No. 6, Patel Colony","Business Communication Courses, Language lab training"
215,Alfa Color Laboratories,"Town Hall Road, Bedi Gate","Personality Development Training, Engineering and technician job training"
216,Aptech Computer Education (Infonet Softech),"Welcome Tower, Pandit Nehru Marg","Personality Development Training, Engineering and technician job training"
217,Cmc Computer Education,"Limda Lane, Patrakar Colony","Personality Development Training, Engineering and technician job training"
218,Madhuram Digital Studio,"Raghuvir Society, Bedi Gate","Personality Development Training, Engineering and technician job training"
219,Seling,"Bedi Gate, Jamnagar - 939148",Soft Skills Training Courses
220,Parth Jitendra Pathak,"No. 6, Patel Colony",Soft Skills Training Courses
221,Seling,"Bedi Gate, Jamnagar - 939148",Stock Market Training
222,Seling,"Bedi Gate, Jamnagar - 939148","Stress Management Training, Language lab training"
223,Parth Jitendra Pathak,"No. 6, Patel Colony","Stress Management Training, Language lab training"
224,Brisk Business Services LLP,"Office No. 6, Ranjit Nagar",Taxation Training Courses
225,Seling,"Bedi Gate, Jamnagar - 939148",Taxation Training Courses
226,Brisk Business Services LLP,"Office No. 6, Ranjit Nagar","Team Building Training, Professional development training"
227,Seling,"Bedi Gate, Jamnagar - 939148","Team Building Training, Language lab training"
228,Parth Jitendra Pathak,"No. 6, Patel Colony","Team Building Training, Language lab training"
229,Brisk Business Services LLP,"Office No. 6, Ranjit Nagar","Time Management Training, Professional development training"
230,Seling,"Bedi Gate, Jamnagar - 939148","Time Management Training, Language lab training"
231,Parth Jitendra Pathak,"No. 6, Patel Colony","Time Management Training, Language lab training"
232,Santhi Computer Classes,"Indira Gandhi Marg, Park Colony","CCIE Certification Training, Computer networking training"
233,Xplora Design Skool,"P.N. Marg, Patel Colony","CCIE Certification Training, Computer networking training"
234,Aptech Computer Education,"P.N. Marg, Jam Nagar","CCIE Certification Training, CISCO certification training"
235,NIIT,"Gurudwara Road, Park Colony","CCIE Certification Training, Hardware training"
236,Sahajanand Institute of Information Tech...," 1st Floor, Pandit Nehru Marg","CCIE Certification Training, Computer networking training"
237,Santhi Computer Classes,"Indira Gandhi Marg, Park Colony","CCNP Certification Training, Computer networking training"
238,Xplora Design Skool,"P.N. Marg, Patel Colony","CCNP Certification Training, Computer networking training"
239,Aptech Computer Education,"P.N. Marg, Jam Nagar","CCNP Certification Training, CISCO certification training"
240,NIIT,"Gurudwara Road, Park Colony","CCNP Certification Training, Hardware training"
241,Sahajanand Institute of Information Tech...," 1st Floor, Pandit Nehru Marg","CCNP Certification Training, Computer networking training"
242,Om Education Academy & Computer Classes,"Main Road, Khodiyar Colony","CCNP Certification Training, Computer networking training"
243,Parth Computer Classes,"Post Office Road, Patel Colony","CCNP Certification Training, Computer networking training"
244,Institute Of Advance Network Technology,"Street Number 2, Valkeshwari","CCNP Certification Training, Computer networking training"
245,Baroda Institute of Technology,"2nd Floor, Green City","CCNP Certification Training, Computer networking training"
246,Siddhi Vinayak Business Centre,"5th Floor , Ranjit Nagar","CCNP Certification Training, Computer networking training"
247,Aptech Computer Education,"P.N. Marg, Jam Nagar","CCVP Certification Training, CISCO certification training"
248,Santhi Computer Classes,"Indira Gandhi Marg, Park Colony","CCVP Certification Training, Computer networking training"
249,Xplora Design Skool,"P.N. Marg, Patel Colony","CCVP Certification Training, Computer networking training"
250,NIIT,"Gurudwara Road, Park Colony","CCVP Certification Training, Hardware training"
251,Sahajanand Institute of Information Tech...," 1st Floor, Pandit Nehru Marg","CCVP Certification Training, Computer networking training"
252,Om Education Academy & Computer Classes,"Main Road, Khodiyar Colony","CCVP Certification Training, Computer networking training"
253,Parth Computer Classes,"Post Office Road, Patel Colony","CCVP Certification Training, Computer networking training"
254,Aptech Computer Education,"P.N. Marg, Jam Nagar",Cloud Computing Training
255,Santhi Computer Classes,"Indira Gandhi Marg, Park Colony","Embedded Systems Training, Computer networking training"
256,Xplora Design Skool,"P.N. Marg, Patel Colony","Embedded Systems Training, Computer networking training"
257,Sahajanand Institute of Information Tech...," 1st Floor, Pandit Nehru Marg","Embedded Systems Training, Computer networking training"
258,NIIT,"Gurudwara Road, Park Colony","Certified Ethical Hacking (CEH) Training, IT security training"
259,Shivani Infotech,"Road No. 1, Patel Colony","Java Beans Training, Java / J2EE Training"
260,Image Institute of Digital Technology Ltd.,"Aerodrome Road, Khodiyar Colony","Java Beans Training, Content management software training"
261,Santhi Computer Classes,"Indira Gandhi Marg, Park Colony","Java Beans Training, Web designing training"
262,Xplora Design Skool,"P.N. Marg, Patel Colony","Java Beans Training, Web designing training"
263,Aptech Computer Education,"P.N. Marg, Jam Nagar","Java Beans Training, Web designing training"
264,Sahajanand Institute of Information Tech...," 1st Floor, Pandit Nehru Marg","Java Beans Training, Web designing training"
265,Parshvanath Computers," Jamkhambhaliya, Jamnagar","Java Beans Training, Java / J2EE Training"
266,NIIT,"Gurudwara Road, Park Colony","CompTIA Network+ Training, CompTIA certification training"
267,Xplora Design Skool,"P.N. Marg, Patel Colony","Database Training, Database administrator training"
268,Vishwas Computer," Rampur, Jam Nagar","Database Training, Database administrator training"
269,Sahajanand Institute of Information Tech...," 1st Floor, Pandit Nehru Marg","Database Training, Database developer training"
270,Santhi Computer Classes,"Indira Gandhi Marg, Park Colony","Database Training, Database administrator training"
271,NIIT,"Gurudwara Road, Park Colony","Database Training, Database developer training"
272,Santhi Computer Classes,"Indira Gandhi Marg, Park Colony","Data Warehousing Training, Database administrator training"
273,Xplora Design Skool,"P.N. Marg, Patel Colony","Data Warehousing Training, Database administrator training"
274,Vishwas Computer," Rampur, Jam Nagar","Data Warehousing Training, Database administrator training"
275,NIIT,"Gurudwara Road, Park Colony","Data Warehousing Training, Database developer training"
276,Sahajanand Institute of Information Tech...," 1st Floor, Pandit Nehru Marg","Data Warehousing Training, Database developer training"
277,Harit Vyas & Co.,"No. 2/3, Raj Park, Jamnagar","Database Testing Training, Software testing training"
278,Santhi Computer Classes,"Indira Gandhi Marg, Park Colony","Database Testing Training, Quality management training"
279,Xplora Design Skool,"P.N. Marg, Patel Colony","Database Testing Training, Quality management training"
280,Santhi Computer Classes,"Indira Gandhi Marg, Park Colony","Microsoft Access Training, Business productivity tools training"
281,Xplora Design Skool,"P.N. Marg, Patel Colony","Microsoft Access Training, Business productivity tools training"
282,Aptech Computer Education,"P.N. Marg, Jam Nagar","Microsoft Access Training, Business productivity tools training"
283,NIIT,"Gurudwara Road, Park Colony","Microsoft Access Training, Business productivity tools training"
284,Sahajanand Institute of Information Tech...," 1st Floor, Pandit Nehru Marg","Microsoft Access Training, Business productivity tools training"
285,Synergy School of Business Skills," Siddhi Vinayak Business Centre, Ranjit Nagar, Jamnagar","Microsoft Access Training, Business productivity tools training"
286,Santhi Computer Classes,"Indira Gandhi Marg, Park Colony","Oracle DBA Training, Oracle application training"
287,Xplora Design Skool,"P.N. Marg, Patel Colony","Oracle DBA Training, Oracle application training"
288,Aptech Computer Education,"P.N. Marg, Jam Nagar",Oracle DBA Training
289,NIIT,"Gurudwara Road, Park Colony","Oracle DBA Training, Oracle application training"
290,Sahajanand Institute of Information Tech...," 1st Floor, Pandit Nehru Marg","Oracle DBA Training, Oracle application training"
291,Computer Campus,"Hirji Mistry Road, Nand Dham Society",Oracle DBA Training
292,Santhi Computer Classes,"Indira Gandhi Marg, Park Colony","RDBMS Training, Database administrator training"
293,Xplora Design Skool,"P.N. Marg, Patel Colony","RDBMS Training, Database administrator training"
294,Vishwas Computer," Rampur, Jam Nagar","RDBMS Training, Database administrator training"
295,NIIT,"Gurudwara Road, Park Colony","RDBMS Training, Database developer training"
296,Sahajanand Institute of Information Tech...," 1st Floor, Pandit Nehru Marg","RDBMS Training, Database developer training"
297,Shivani Infotech,"Road No. 1, Patel Colony","Programming Languages Training, Digital literacy courses"
298,Xplora Design Skool,"P.N. Marg, Patel Colony","Programming Languages Training, Digital literacy courses"
299,Aptech Computer Education,"P.N. Marg, Jam Nagar",Programming Languages Training
300,Rajesh Computers,"No. 60, Digvijay Plot",Programming Languages Training
301,Sahajanand Institute of Information Tech...," 1st Floor, Pandit Nehru Marg",Programming Languages Training
302,Shivani Infotech,"Road No. 1, Patel Colony","Advanced Java Training, Java / J2EE Training"
303,Image Institute of Digital Technology Ltd.,"Aerodrome Road, Khodiyar Colony","Advanced Java Training, Content management software training"
304,Santhi Computer Classes,"Indira Gandhi Marg, Park Colony","Advanced Java Training, Web designing training"
305,Xplora Design Skool,"P.N. Marg, Patel Colony","Advanced Java Training, Web designing training"
306,Aptech Computer Education,"P.N. Marg, Jam Nagar","Advanced Java Training, Web designing training"
307,Sahajanand Institute of Information Tech...," 1st Floor, Pandit Nehru Marg","Advanced Java Training, Web designing training"
308,Parshvanath Computers," Jamkhambhaliya, Jamnagar","Advanced Java Training, Java / J2EE Training"
309,Human Capital Management Pvt. Ltd.,"Moti Khavdi, Jamnagar - 361140","Advanced VBScript Training, Programming languages training"
310,Shivani Infotech,"Road No. 1, Patel Colony","C, C++ Training, Programming languages training"
311,Santhi Computer Classes,"Indira Gandhi Marg, Park Colony","C, C++ Training, Programming languages training"
312,Xplora Design Skool,"P.N. Marg, Patel Colony","C, C++ Training, Programming languages training"
313,Aptech Computer Education,"P.N. Marg, Jam Nagar","C, C++ Training, Programming languages training"
314,NIIT,"Gurudwara Road, Park Colony","C, C++ Training, Programming languages training"
315,Rajesh Computers,"No. 60, Digvijay Plot","C, C++ Training, Programming languages training"
316,Sahajanand Institute of Information Tech...," 1st Floor, Pandit Nehru Marg","C, C++ Training, Programming languages training"
317,Human Capital Management Pvt. Ltd.,"Moti Khavdi, Jamnagar - 361140","C, C++ Training, Programming languages training"
318,Shivani Infotech,"Road No. 1, Patel Colony","C sharp Training, Programming languages training"
319,Aptech Computer Education,"P.N. Marg, Jam Nagar","C sharp Training, Programming languages training"
320,NIIT,"Gurudwara Road, Park Colony","C sharp Training, Programming languages training"
321,Human Capital Management Pvt. Ltd.,"Moti Khavdi, Jamnagar - 361140","C sharp Training, Programming languages training"
322,Shivani Infotech,"Road No. 1, Patel Colony","Java Training, Java / J2EE Training"
323,Image Institute of Digital Technology Ltd.,"Aerodrome Road, Khodiyar Colony","Java Training, Content management software training"
324,Santhi Computer Classes,"Indira Gandhi Marg, Park Colony","Java Training, Web designing training"
325,Xplora Design Skool,"P.N. Marg, Patel Colony","Java Training, Web designing training"
326,Aptech Computer Education,"P.N. Marg, Jam Nagar","Java Training, Web designing training"
327,Vishwas Computer," Rampur, Jam Nagar","Java Training, Java / J2EE Training"
328,Sahajanand Institute of Information Tech...," 1st Floor, Pandit Nehru Marg","Java Training, Web designing training"
329,Shivani Infotech,"Road No. 1, Patel Colony","PCP Training, Programming languages training"
330,Xplora Design Skool,"P.N. Marg, Patel Colony","PCP Training, Programming languages training"
331,Aptech Computer Education,"P.N. Marg, Jam Nagar","PCP Training, Programming languages training"
332,Rajesh Computers,"No. 60, Digvijay Plot","PCP Training, Programming languages training"
333,Sahajanand Institute of Information Tech...," 1st Floor, Pandit Nehru Marg","PCP Training, Programming languages training"
334,Shivani Infotech,"Road No. 1, Patel Colony","Perl Training, Programming languages training"
335,Xplora Design Skool,"P.N. Marg, Patel Colony","Perl Training, Programming languages training"
336,Aptech Computer Education,"P.N. Marg, Jam Nagar","Perl Training, Programming languages training"
337,Rajesh Computers,"No. 60, Digvijay Plot","Perl Training, Programming languages training"
338,Sahajanand Institute of Information Tech...," 1st Floor, Pandit Nehru Marg","Perl Training, Programming languages training"
339,Human Capital Management Pvt. Ltd.,"Moti Khavdi, Jamnagar - 361140","Python Training, Programming languages training"
340,Human Capital Management Pvt. Ltd.,"Moti Khavdi, Jamnagar - 361140","Shell Scripting Training, Programming languages training"
341,Human Capital Management Pvt. Ltd.,"Moti Khavdi, Jamnagar - 361140","VB Script Training, Programming languages training"
342,Shivani Infotech,"Road No. 1, Patel Colony","Web Technologies Training, Java / J2EE Training"
343,Image Institute of Digital Technology Ltd.,"Aerodrome Road, Khodiyar Colony","Web Technologies Training, Content management software training"
344,Xplora Design Skool,"P.N. Marg, Patel Colony","Web Technologies Training, Web designing training"
345,Aptech Computer Education,"P.N. Marg, Jam Nagar","Web Technologies Training, Web designing training"
346,Computers Technologies,"Airport Road, Mayur Nagar",Web Technologies Training
347,Rajesh Computers,"No. 60, Digvijay Plot","Web Technologies Training, Web designing training"
348,Sahajanand Institute of Information Tech...," 1st Floor, Pandit Nehru Marg","Web Technologies Training, Web designing training"
349,Image Institute of Digital Technology Ltd.,"Aerodrome Road, Khodiyar Colony","Dot Net Training, Content management software training"
350,Santhi Computer Classes,"Indira Gandhi Marg, Park Colony","Dot Net Training, Web designing training"
351,Xplora Design Skool,"P.N. Marg, Patel Colony","Dot Net Training, Web designing training"
352,Aptech Computer Education,"P.N. Marg, Jam Nagar","Dot Net Training, Web designing training"
353,NIIT,"Gurudwara Road, Park Colony","Dot Net Training, Content management software training"
354,Rajesh Computers,"No. 60, Digvijay Plot","Dot Net Training, Web designing training"
355,Sahajanand Institute of Information Tech...," 1st Floor, Pandit Nehru Marg","Dot Net Training, Web designing training"
356,Image Institute of Digital Technology Ltd.,"Aerodrome Road, Khodiyar Colony","ASP.Net Training, Content management software training"
357,Santhi Computer Classes,"Indira Gandhi Marg, Park Colony","ASP.Net Training, Web designing training"
358,Xplora Design Skool,"P.N. Marg, Patel Colony","ASP.Net Training, Web designing training"
359,Aptech Computer Education,"P.N. Marg, Jam Nagar","ASP.Net Training, Web designing training"
360,NIIT,"Gurudwara Road, Park Colony","ASP.Net Training, Content management software training"
361,Rajesh Computers,"No. 60, Digvijay Plot","ASP.Net Training, Web designing training"
362,Sahajanand Institute of Information Tech...," 1st Floor, Pandit Nehru Marg","ASP.Net Training, Web designing training"
363,Image Institute of Digital Technology Ltd.,"Aerodrome Road, Khodiyar Colony","CSS Training, Content management software training"
364,Santhi Computer Classes,"Indira Gandhi Marg, Park Colony","CSS Training, Web designing training"
365,Xplora Design Skool,"P.N. Marg, Patel Colony","CSS Training, Web designing training"
366,Frameboxx Animation & Visual Effects," Ahmedabad - 380059, Jamnagar, Jamnagar","CSS Training, Web designing training"
367,Rajesh Computers,"No. 60, Digvijay Plot","CSS Training, Web designing training"
368,Sahajanand Institute of Information Tech...," 1st Floor, Pandit Nehru Marg","CSS Training, Web designing training"
369,Shivani Infotech,"Road No. 1, Patel Colony","Dreamweaver Training, Java / J2EE Training"
370,Image Institute of Digital Technology Ltd.,"Aerodrome Road, Khodiyar Colony","Dreamweaver Training, Content management software training"
371,Xplora Design Skool,"P.N. Marg, Patel Colony","Dreamweaver Training, Web designing training"
372,Aptech Computer Education,"P.N. Marg, Jam Nagar","Dreamweaver Training, Web designing training"
373,Computers Technologies,"Airport Road, Mayur Nagar",Dreamweaver Training
374,Rajesh Computers,"No. 60, Digvijay Plot","Dreamweaver Training, Web designing training"
375,Sahajanand Institute of Information Tech...," 1st Floor, Pandit Nehru Marg","Dreamweaver Training, Web designing training"
376,Image Institute of Digital Technology Ltd.,"Aerodrome Road, Khodiyar Colony","HTML Training, Content management software training"
377,Santhi Computer Classes,"Indira Gandhi Marg, Park Colony","HTML Training, Web designing training"
378,Xplora Design Skool,"P.N. Marg, Patel Colony","HTML Training, Web designing training"
379,Frameboxx Animation & Visual Effects," Ahmedabad - 380059, Jamnagar, Jamnagar","HTML Training, Web designing training"
380,Rajesh Computers,"No. 60, Digvijay Plot","HTML Training, Web designing training"
381,Sahajanand Institute of Information Tech...," 1st Floor, Pandit Nehru Marg","HTML Training, Web designing training"
382,Image Institute of Digital Technology Ltd.,"Aerodrome Road, Khodiyar Colony","JavaScript Training, Content management software training"
383,Santhi Computer Classes,"Indira Gandhi Marg, Park Colony","JavaScript Training, Web designing training"
384,Xplora Design Skool,"P.N. Marg, Patel Colony","JavaScript Training, Web designing training"
385,Aptech Computer Education,"P.N. Marg, Jam Nagar","JavaScript Training, Web designing training"
386,Frameboxx Animation & Visual Effects," Ahmedabad - 380059, Jamnagar, Jamnagar","JavaScript Training, Web designing training"
387,Rajesh Computers,"No. 60, Digvijay Plot","JavaScript Training, Web designing training"
388,Image Institute of Digital Technology Ltd.,"Aerodrome Road, Khodiyar Colony","PHP Training, Content management software training"
389,Sahajanand Institute of Information Tech...," 1st Floor, Pandit Nehru Marg","PHP Training, Web designing training"
390,Tops Technologies Pvt. Ltd.,"Paras Society No. 1, Park Colony","PHP Training, Web designing training"
391,Xplora Design Skool,"P.N. Marg, Patel Colony","SAP Training, SAP IS training"
392,Santhi Computer Classes,"Indira Gandhi Marg, Park Colony","SAP Training, SAP IS training"
393,Image Institute of Digital Technology Ltd.,"Aerodrome Road, Khodiyar Colony","Web Designing Course, Content management software training"
394,Santhi Computer Classes,"Indira Gandhi Marg, Park Colony","Web Designing Course, Web designing training"
395,Xplora Design Skool,"P.N. Marg, Patel Colony","Web Designing Course, Web designing training"
396,Aptech Computer Education,"P.N. Marg, Jam Nagar","Web Designing Course, Web designing training"
397,Frameboxx Animation & Visual Effects," Ahmedabad - 380059, Jamnagar, Jamnagar","Web Designing Course, Web designing training"
398,Santhi Computer Classes,"Indira Gandhi Marg, Park Colony","Automation Testing Online Training, Quality management training"
399,Xplora Design Skool,"P.N. Marg, Patel Colony","Automation Testing Online Training, Quality management training"
400,Santhi Computer Classes,"Indira Gandhi Marg, Park Colony","Automation Tools Online Training, Quality management training"
401,Xplora Design Skool,"P.N. Marg, Patel Colony","Automation Tools Online Training, Quality management training"
402,Harit Vyas & Co.,"No. 2/3, Raj Park, Jamnagar","LoadRunner Online Training, Software testing training"
403,Santhi Computer Classes,"Indira Gandhi Marg, Park Colony","LoadRunner Online Training, Quality management training"
404,Xplora Design Skool,"P.N. Marg, Patel Colony","LoadRunner Online Training, Quality management training"
405,Harit Vyas & Co.,"No. 2/3, Raj Park, Jamnagar","Testing Tools Online Training, Software testing training"
406,Santhi Computer Classes,"Indira Gandhi Marg, Park Colony","Testing Tools Online Training, Quality management training"
407,Xplora Design Skool,"P.N. Marg, Patel Colony","Testing Tools Online Training, Quality management training"
408,Sahajanand Institute of Information Tech...," 1st Floor, Pandit Nehru Marg","Testing Tools Online Training, Software testing training"
409,Parshvanath Computers," Jamkhambhaliya, Jamnagar","Testing Tools Online Training, Software testing training"
410,Cad Desk,"Khodiyar Colony Main Road, Khodiyar Colony","OBIEE Online Training, Business intelligence & analytics training"
411,Image Institute of Digital Technology Ltd.,"Aerodrome Road, Khodiyar Colony","Multimedia design online training, CAD & CAM training"
412,Santhi Computer Classes,"Indira Gandhi Marg, Park Colony","Multimedia design online training, CAD & CAM training"
413,Xplora Design Skool,"P.N. Marg, Patel Colony","Multimedia design online training, CAD & CAM training"
414,Vishwas Computer," Rampur, Jam Nagar","Multimedia design online training, Animation & Multimedia training"
415,Frameboxx Animation & Visual Effects," Ahmedabad - 380059, Jamnagar, Jamnagar","Multimedia design online training, Animation & Multimedia training"
416,Grinmation Institute," Ahmedabad - 380052, Jamnagar, Jamnagar","Multimedia design online training, Adobe training"
417,Sahajanand Institute of Information Tech...," 1st Floor, Pandit Nehru Marg","Multimedia design online training, CAD & CAM training"
418,Santhi Computer Classes,"Indira Gandhi Marg, Park Colony","3D Animation Online Training, CAD & CAM training"
419,Xplora Design Skool,"P.N. Marg, Patel Colony","3D Animation Online Training, CAD & CAM training"
420,Vishwas Computer," Rampur, Jam Nagar","3D Animation Online Training, Animation & Multimedia training"
421,Frameboxx Animation & Visual Effects," Ahmedabad - 380059, Jamnagar, Jamnagar","3D Animation Online Training, Animation & Multimedia training"
422,Grinmation Institute," Ahmedabad - 380052, Jamnagar, Jamnagar","3D Animation Online Training, Adobe training"
423,Sahajanand Institute of Information Tech...," 1st Floor, Pandit Nehru Marg","3D Animation Online Training, CAD & CAM training"
424,Cad Desk,"Khodiyar Colony Main Road, Khodiyar Colony","3D Studio Max Online Training, CAD & CAM training"
425,Image Institute of Digital Technology Ltd.,"Aerodrome Road, Khodiyar Colony","3D Studio Max Online Training, CAD & CAM training"
426,Techknow Crafts," Dared, Dared","3D Studio Max Online Training, Engineering design training"
427,CNC machining,"Dared, Jamnagar - 361110","3D Studio Max Online Training, CAD & CAM training"
428,Bliss Computer Pvt. Ltd.," Limda Lane, Patrakar Colony","3D Studio Max Online Training, CAD & CAM training"
429,Image Institute of Digital Technology Ltd.,"Aerodrome Road, Khodiyar Colony","Vue 3D Online Training, CAD & CAM training"
430,Santhi Computer Classes,"Indira Gandhi Marg, Park Colony","Vue 3D Online Training, CAD & CAM training"
431,Xplora Design Skool,"P.N. Marg, Patel Colony","Vue 3D Online Training, CAD & CAM training"
432,Vishwas Computer," Rampur, Jam Nagar","Vue 3D Online Training, Animation & Multimedia training"
433,Frameboxx Animation & Visual Effects," Ahmedabad - 380059, Jamnagar, Jamnagar","Vue 3D Online Training, Animation & Multimedia training"
434,Grinmation Institute," Ahmedabad - 380052, Jamnagar, Jamnagar","Vue 3D Online Training, Adobe training"
435,Sahajanand Institute of Information Tech...," 1st Floor, Pandit Nehru Marg","Vue 3D Online Training, CAD & CAM training"
436,Image Institute of Digital Technology Ltd.,"Aerodrome Road, Khodiyar Colony","Javascript Online Training, Content management software training"
437,Santhi Computer Classes,"Indira Gandhi Marg, Park Colony","Javascript Online Training, Web designing training"
438,Xplora Design Skool,"P.N. Marg, Patel Colony","Javascript Online Training, Web designing training"
439,Aptech Computer Education,"P.N. Marg, Jam Nagar","Javascript Online Training, Web designing training"
440,Frameboxx Animation & Visual Effects," Ahmedabad - 380059, Jamnagar, Jamnagar","Javascript Online Training, Web designing training"
441,Rajesh Computers,"No. 60, Digvijay Plot","Javascript Online Training, Web designing training"
442,Shivani Infotech,"Road No. 1, Patel Colony","JSP Online Training, Java / J2EE Training"
443,Image Institute of Digital Technology Ltd.,"Aerodrome Road, Khodiyar Colony","JSP Online Training, Content management software training"
444,Xplora Design Skool,"P.N. Marg, Patel Colony","JSP Online Training, Web designing training"
445,Aptech Computer Education,"P.N. Marg, Jam Nagar","JSP Online Training, Web designing training"
446,Computers Technologies,"Airport Road, Mayur Nagar",JSP Online Training
447,Rajesh Computers,"No. 60, Digvijay Plot","JSP Online Training, Web designing training"
448,Sahajanand Institute of Information Tech...," 1st Floor, Pandit Nehru Marg","JSP Online Training, Web designing training"
449,Image Institute of Digital Technology Ltd.,"Aerodrome Road, Khodiyar Colony","VB .Net Online Training, Content management software training"
450,Image Institute of Digital Technology Ltd.,"Aerodrome Road, Khodiyar Colony","Web Designing Online Training, Content management software training"
451,Santhi Computer Classes,"Indira Gandhi Marg, Park Colony","Web Designing Online Training, Web designing training"
452,Xplora Design Skool,"P.N. Marg, Patel Colony","Web Designing Online Training, Web designing training"
453,Aptech Computer Education,"P.N. Marg, Jam Nagar","Web Designing Online Training, Web designing training"
454,Frameboxx Animation & Visual Effects," Ahmedabad - 380059, Jamnagar, Jamnagar","Web Designing Online Training, Web designing training"
455,Image Institute of Digital Technology Ltd.,"Aerodrome Road, Khodiyar Colony","Web Technologies Online Training, Content management software training"
456,Image Institute of Digital Technology Ltd.,"Aerodrome Road, Khodiyar Colony","Multimedia Design Training, CAD & CAM training"
457,Santhi Computer Classes,"Indira Gandhi Marg, Park Colony","Multimedia Design Training, CAD & CAM training"
458,Xplora Design Skool,"P.N. Marg, Patel Colony","Multimedia Design Training, CAD & CAM training"
459,Vishwas Computer," Rampur, Jam Nagar","Multimedia Design Training, Animation & Multimedia training"
460,Frameboxx Animation & Visual Effects," Ahmedabad - 380059, Jamnagar, Jamnagar","Multimedia Design Training, Animation & Multimedia training"
461,Grinmation Institute," Ahmedabad - 380052, Jamnagar, Jamnagar","Multimedia Design Training, Adobe training"
462,Sahajanand Institute of Information Tech...," 1st Floor, Pandit Nehru Marg","Multimedia Design Training, CAD & CAM training"
463,Santhi Computer Classes,"Indira Gandhi Marg, Park Colony","2D Animation Training, CAD & CAM training"
464,Xplora Design Skool,"P.N. Marg, Patel Colony","2D Animation Training, CAD & CAM training"
465,Vishwas Computer," Rampur, Jam Nagar","2D Animation Training, Animation & Multimedia training"
466,Frameboxx Animation & Visual Effects," Ahmedabad - 380059, Jamnagar, Jamnagar","2D Animation Training, Animation & Multimedia training"
467,Grinmation Institute," Ahmedabad - 380052, Jamnagar, Jamnagar","2D Animation Training, Adobe training"
468,Sahajanand Institute of Information Tech...," 1st Floor, Pandit Nehru Marg","2D Animation Training, CAD & CAM training"
469,Santhi Computer Classes,"Indira Gandhi Marg, Park Colony","3D Modelling Training, CAD & CAM training"
470,Xplora Design Skool,"P.N. Marg, Patel Colony","3D Modelling Training, CAD & CAM training"
471,Vishwas Computer," Rampur, Jam Nagar","3D Modelling Training, Animation & Multimedia training"
472,Frameboxx Animation & Visual Effects," Ahmedabad - 380059, Jamnagar, Jamnagar","3D Modelling Training, Animation & Multimedia training"
473,Grinmation Institute," Ahmedabad - 380052, Jamnagar, Jamnagar","3D Modelling Training, Adobe training"
474,Sahajanand Institute of Information Tech...," 1st Floor, Pandit Nehru Marg","3D Modelling Training, CAD & CAM training"
475,Image Institute of Digital Technology Ltd.,"Aerodrome Road, Khodiyar Colony","3D Movie Maker Training, CAD & CAM training"
476,Santhi Computer Classes,"Indira Gandhi Marg, Park Colony","3D Movie Maker Training, CAD & CAM training"
477,Xplora Design Skool,"P.N. Marg, Patel Colony","3D Movie Maker Training, CAD & CAM training"
478,Vishwas Computer," Rampur, Jam Nagar","3D Movie Maker Training, Animation & Multimedia training"
479,Frameboxx Animation & Visual Effects," Ahmedabad - 380059, Jamnagar, Jamnagar","3D Movie Maker Training, Animation & Multimedia training"
480,Grinmation Institute," Ahmedabad - 380052, Jamnagar, Jamnagar","3D Movie Maker Training, Adobe training"
481,Sahajanand Institute of Information Tech...," 1st Floor, Pandit Nehru Marg","3D Movie Maker Training, CAD & CAM training"
482,Image Institute of Digital Technology Ltd.,"Aerodrome Road, Khodiyar Colony","4D Animation Training, CAD & CAM training"
483,Santhi Computer Classes,"Indira Gandhi Marg, Park Colony","4D Animation Training, CAD & CAM training"
484,Xplora Design Skool,"P.N. Marg, Patel Colony","4D Animation Training, CAD & CAM training"
485,Vishwas Computer," Rampur, Jam Nagar","4D Animation Training, Animation & Multimedia training"
486,Frameboxx Animation & Visual Effects," Ahmedabad - 380059, Jamnagar, Jamnagar","4D Animation Training, Animation & Multimedia training"
487,Grinmation Institute," Ahmedabad - 380052, Jamnagar, Jamnagar","4D Animation Training, Adobe training"
488,Sahajanand Institute of Information Tech...," 1st Floor, Pandit Nehru Marg","4D Animation Training, CAD & CAM training"
489,Esteem Computer Classes,"Janta Fatak, Ranjit Nagar","Adobe Photoshop Training, Adobe training"
490,Santhi Computer Classes,"Indira Gandhi Marg, Park Colony","CorelDRAW Training, CAD & CAM training"
491,Xplora Design Skool,"P.N. Marg, Patel Colony","CorelDRAW Training, CAD & CAM training"
492,Vishwas Computer," Rampur, Jam Nagar","CorelDRAW Training, Animation & Multimedia training"
493,Frameboxx Animation & Visual Effects," Ahmedabad - 380059, Jamnagar, Jamnagar","CorelDRAW Training, Animation & Multimedia training"
494,Grinmation Institute," Ahmedabad - 380052, Jamnagar, Jamnagar","CorelDRAW Training, Adobe training"
495,Sahajanand Institute of Information Tech...," 1st Floor, Pandit Nehru Marg","CorelDRAW Training, CAD & CAM training"
496,Image Institute of Digital Technology Ltd.,"Aerodrome Road, Khodiyar Colony","VFX Course, CAD & CAM training"
497,Santhi Computer Classes,"Indira Gandhi Marg, Park Colony","VFX Course, CAD & CAM training"
498,Xplora Design Skool,"P.N. Marg, Patel Colony","VFX Course, CAD & CAM training"
499,Vishwas Computer," Rampur, Jam Nagar","VFX Course, Animation & Multimedia training"
500,Frameboxx Animation & Visual Effects," Ahmedabad - 380059, Jamnagar, Jamnagar","VFX Course, Animation & Multimedia training"
501,Grinmation Institute," Ahmedabad - 380052, Jamnagar, Jamnagar","VFX Course, Adobe training"
502,Cad Desk,"Khodiyar Colony Main Road, Khodiyar Colony","Engineering Design Training, CAD & CAM training"
503,Techknow Crafts," Dared, Dared",Engineering Design Training
504,Aptech Computer Education Jamnagar,"PN Marg, Jamnagar","Engineering Design Training, CAD & CAM training"
505,Cad Desk,"Khodiyar Colony Main Road, Khodiyar Colony","Autocad Training, CAD & CAM training"
506,Image Institute of Digital Technology Ltd.,"Aerodrome Road, Khodiyar Colony","Autocad Training, CAD & CAM training"
507,Techknow Crafts," Dared, Dared","Autocad Training, Engineering design training"
508,CNC machining,"Dared, Jamnagar - 361110","Autocad Training, CAD & CAM training"
509,Bliss Computer Pvt. Ltd.," Limda Lane, Patrakar Colony","Autocad Training, CAD & CAM training"
510,Cad Desk,"Khodiyar Colony Main Road, Khodiyar Colony","Autodesk Revit MEP Training, CAD & CAM training"
511,Cad Desk,"Khodiyar Colony Main Road, Khodiyar Colony","CAD & CAM Training, CAD & CAM training"
512,Image Institute of Digital Technology Ltd.,"Aerodrome Road, Khodiyar Colony","CAD & CAM Training, CAD & CAM training"
513,CNC machining,"Dared, Jamnagar - 361110","CAD & CAM Training, CAD & CAM training"
514,Santhi Computer Classes,"Indira Gandhi Marg, Park Colony","CAD & CAM Training, CAD & CAM training"
515,Xplora Design Skool,"P.N. Marg, Patel Colony","CAD & CAM Training, CAD & CAM training"
516,Cad Desk,"Khodiyar Colony Main Road, Khodiyar Colony","CATIA Training, CAD & CAM training"
517,Cad Desk,"Khodiyar Colony Main Road, Khodiyar Colony","Civil CAD Training, CAD & CAM training"
518,CNC machining,"Dared, Jamnagar - 361110","Civil CAD Training, CAD & CAM training"
519,Santhi Computer Classes,"Indira Gandhi Marg, Park Colony","Civil CAD Training, CAD & CAM training"
520,Xplora Design Skool,"P.N. Marg, Patel Colony","Civil CAD Training, CAD & CAM training"
521,NIIT,"Gurudwara Road, Park Colony","Civil CAD Training, CAD & CAM training"
522,Sahajanand Institute of Information Tech...," 1st Floor, Pandit Nehru Marg","Civil CAD Training, CAD & CAM training"
523,Computer Campus,"Hirji Mistry Road, Nand Dham Society","Civil CAD Training, CAD & CAM training"
524,Bliss Computer Academy,"Navapara Main Road, Khambhalia","Civil CAD Training, CAD & CAM training"
525,Cad Desk,"Khodiyar Colony Main Road, Khodiyar Colony","Del CAM Training, CAD & CAM training"
526,CNC machining,"Dared, Jamnagar - 361110","Del CAM Training, CAD & CAM training"
527,Santhi Computer Classes,"Indira Gandhi Marg, Park Colony","Del CAM Training, CAD & CAM training"
528,Xplora Design Skool,"P.N. Marg, Patel Colony","Del CAM Training, CAD & CAM training"
529,NIIT,"Gurudwara Road, Park Colony","Del CAM Training, CAD & CAM training"
530,Sahajanand Institute of Information Tech...," 1st Floor, Pandit Nehru Marg","Del CAM Training, CAD & CAM training"
531,Cad Desk,"Khodiyar Colony Main Road, Khodiyar Colony","ORCAD Training, CAD & CAM training"
532,Image Institute of Digital Technology Ltd.,"Aerodrome Road, Khodiyar Colony","ORCAD Training, CAD & CAM training"
533,Techknow Crafts," Dared, Dared","ORCAD Training, Engineering design training"
534,CNC machining,"Dared, Jamnagar - 361110","ORCAD Training, CAD & CAM training"
535,Bliss Computer Pvt. Ltd.," Limda Lane, Patrakar Colony","ORCAD Training, CAD & CAM training"
536,Cad Desk,"Khodiyar Colony Main Road, Khodiyar Colony","PLC Designing Training, CAD & CAM training"
537,Cad Desk,"Khodiyar Colony Main Road, Khodiyar Colony","SCADA Training, CAD & CAM training"
538,Natkhat Play School,"Green City, Ranjit Sagar Dam Road","Playschools, Playschool & day care services"
539,Podar International School,"Rajkot Bypass Road, Nagadia","Playschools, Playschool & day care services"
540,Ojha's Amazing Kids School," Vayunagar, Aerodromme","Playschools, Playschool & day care services"
541,AIS Pre School," Kailash Nagar, Gokul Nagar","Playschools, Playschool & day care services"
542,Adarsh Montessori Training Course," Kalwad Jte Road, Bedi Gate","Playschools, Playschool & day care services"
543,Kidzee," Lal Bungalow Road, Lal Bunglow","Playschools, Playschool & day care services"
544,Bachpan Playschool,"Oswal Colony, Summair Club Road","Playschools, Playschool & day care services"
545,Holy Angels Play School,"Saru Section Road, Park Colony","Playschools, Playschool & day care services"
546,Task Placemark Consultants Pvt. Ltd.," Opposite Vikas Gruh, Pandit Nehru Marg","Playschools, Playschool & day care services"
547,Podar Happy Kids," Rajkot Bypass Road, Nagadia","Playschools, Playschool & day care services"
548,Arignar Anna Institute of Science & Technology," Valasaravakkam, Jamnagar, Jamnagar","B.E. Colleges, Engineering Colleges"
549,Arignar Anna Institute of Science & Technology," Chennai - 602105, Jamnagar, Jamnagar","B.E. Colleges, Engineering Colleges"
550,DISTANCE MBA,"Patel colony , Patel Colony",MBA Colleges
551,DISTANCE MBA,"Patel colony , Patel Colony",MBA Colleges
552,Arignar Anna Institute of Science & Technology," Chennai - 602105, Jamnagar, Jamnagar",MBA Colleges
553,ICFAI University,"Patel Colony, Cross Road","Distance Education, Management distance education"
554,Arignar Anna Institute of Science & Technology," Valasaravakkam, Jamnagar, Jamnagar","B.Tech. Distance Education, Management distance education"
555,Arignar Anna Institute of Science & Technology," Valasaravakkam, Jamnagar, Jamnagar","M.C.A. Distance Education, Management distance education"
556,Prism Education," Ahmedabad - 380052, Jam Nagar, Jamnagar","M.C.A. Distance Education, Management distance education"
557,Arignar Anna Institute of Science & Technology," Valasaravakkam, Jamnagar, Jamnagar","M.Tech. Distance Education, Management distance education"
558,Prism Education," Ahmedabad - 380052, Jam Nagar, Jamnagar","M.Tech. Distance Education, Management distance education"
559,ICFAI University,"Patel Colony, Cross Road","MBA Part Time Distance Education, Management distance education"
560,DISTANCE MBA,"Patel colony , Patel Colony","MBA Part Time Distance Education, Management distance education"
561,DISTANCE MBA,"Patel colony , Patel Colony","MBA Part Time Distance Education, Management distance education"
562,Arignar Anna Institute of Science & Technology," Valasaravakkam, Jamnagar","MBA Part Time Distance Education, Management distance education"
563,Krishna Career Academy," jamnagar , Patel Colony","PHD Distance Education, Open school distance education"
564,Prism Education," Ahmedabad - 380052, Jam Nagar, Jamnagar","PHD Distance Education, Management distance education"
565,Arignar Anna Institute of Science & Technology," Valasaravakkam, Jamnagar, Jamnagar",Executive BBA Distance Education
566,Prism Education," Ahmedabad - 380052, Jam Nagar, Jamnagar",Executive BBA Distance Education
567,Arignar Anna Institute of Science & Technology," Valasaravakkam, Jamnagar, Jamnagar","MSC IT, Management distance education"
568,Prism Education," Ahmedabad - 380052, Jam Nagar, Jamnagar","MSC IT, Management distance education"
569,Prism Education," Ahmedabad - 380052, Jam Nagar, Jamnagar","LLB Distance Education, Management distance education"
